text,converted,customer_type
Agent: Thank you for taking the time to discuss our solution today. I'd like to understand your current challenges and how we might help. Customer: We've been having issues with costs. Agent: I understand. Our Services solution is designed specifically to address those challenges by saving time. Customer: How is this better than competitors? Agent: That's a great question. [Detailed answer with specific information about the product/service] Customer: The price point is higher than we budgeted for. We'll need to reconsider. I have some concerns about the cost.,False,New
Agent: Thank you for taking the time to discuss our solution today. I'd like to understand your current challenges and how we might help. Customer: We've been having issues with time management. Agent: I understand. Our Services solution is designed specifically to address those challenges by saving time. Customer: What's the implementation time? Agent: That's a great question. [Detailed answer with specific information about the product/service] Customer: I can see how this would save us time and money. What's the implementation timeline? Your pricing is within our budget.,True,New
Agent: Thank you for taking the time to discuss our solution today. I'd like to understand your current challenges and how we might help. Customer: We've been having issues with time management. Agent: I understand. Our Services solution is designed specifically to address those challenges by saving time. Customer: How is this better than competitors? Agent: That's a great question. [Detailed answer with specific information about the product/service] Customer: I have concerns about the learning curve for our team. The timeline doesn't work for us.,False,New
Agent: Thank you for taking the time to discuss our solution today. I'd like to understand your current challenges and how we might help. Customer: We've been having issues with time management. Agent: I understand. Our Software solution is designed specifically to address those challenges by streamlining processes. Customer: Do you have case studies? Agent: That's a great question. [Detailed answer with specific information about the product/service] Customer: I can see how this would save us time and money. What's the implementation timeline? Your pricing is within our budget.,True,New
Agent: Thank you for taking the time to discuss our solution today. I'd like to understand your current challenges and how we might help. Customer: We've been having issues with integration. Agent: I understand. Our Consulting solution is designed specifically to address those challenges by seamless integration. Customer: How much does it cost? Agent: That's a great question. [Detailed answer with specific information about the product/service] Customer: I'm impressed with the features. I think this would work well for our team. I'm excited about this opportunity.,True,Existing
Agent: Thank you for taking the time to discuss our solution today. I'd like to understand your current challenges and how we might help. Customer: We've been having issues with integration. Agent: I understand. Our Training solution is designed specifically to address those challenges by seamless integration. Customer: What's the implementation time? Agent: That's a great question. [Detailed answer with specific information about the product/service] Customer: We're currently using a competitor's product and are satisfied with it. I have some concerns about the cost.,False,Returning
Agent: Thank you for taking the time to discuss our solution today. I'd like to understand your current challenges and how we might help. Customer: We've been having issues with time management. Agent: I understand. Our Services solution is designed specifically to address those challenges by streamlining processes. Customer: How is this better than competitors? Agent: That's a great question. [Detailed answer with specific information about the product/service] Customer: I'm convinced this is the right choice for us. How soon can we deploy? Your pricing is within our budget.,True,New
Agent: Thank you for taking the time to discuss our solution today. I'd like to understand your current challenges and how we might help. Customer: We've been having issues with integration. Agent: I understand. Our Hardware solution is designed specifically to address those challenges by improving quality. Customer: What's the implementation time? Agent: That's a great question. [Detailed answer with specific information about the product/service] Customer: Your solution addresses all our requirements. Let's talk about contract terms. Your pricing is within our budget.,True,Existing
Agent: Thank you for taking the time to discuss our solution today. I'd like to understand your current challenges and how we might help. Customer: We've been having issues with efficiency. Agent: I understand. Our Hardware solution is designed specifically to address those challenges by improving quality. Customer: What kind of support do you offer? Agent: That's a great question. [Detailed answer with specific information about the product/service] Customer: This doesn't have all the features we're looking for. We'll keep looking. The timeline doesn't work for us.,False,Existing
Agent: Thank you for taking the time to discuss our solution today. I'd like to understand your current challenges and how we might help. Customer: We've been having issues with integration. Agent: I understand. Our Training solution is designed specifically to address those challenges by seamless integration. Customer: How is this better than competitors? Agent: That's a great question. [Detailed answer with specific information about the product/service] Customer: We're currently using a competitor's product and are satisfied with it. The timeline doesn't work for us.,False,Returning
Agent: Thank you for taking the time to discuss our solution today. I'd like to understand your current challenges and how we might help. Customer: We've been having issues with integration. Agent: I understand. Our Services solution is designed specifically to address those challenges by improving quality. Customer: How is this better than competitors? Agent: That's a great question. [Detailed answer with specific information about the product/service] Customer: We're currently using a competitor's product and are satisfied with it. The timeline doesn't work for us.,False,New
Agent: Thank you for taking the time to discuss our solution today. I'd like to understand your current challenges and how we might help. Customer: We've been having issues with efficiency. Agent: I understand. Our Consulting solution is designed specifically to address those challenges by reducing overhead. Customer: Do you have case studies? Agent: That's a great question. [Detailed answer with specific information about the product/service] Customer: We need to prioritize other projects right now. Let's reconnect later. I have some concerns about the cost.,False,Existing
Agent: Thank you for taking the time to discuss our solution today. I'd like to understand your current challenges and how we might help. Customer: We've been having issues with costs. Agent: I understand. Our Consulting solution is designed specifically to address those challenges by seamless integration. Customer: How much does it cost? Agent: That's a great question. [Detailed answer with specific information about the product/service] Customer: I have concerns about the learning curve for our team. I'm not seeing how this fits our workflow.,False,Returning
Agent: Thank you for taking the time to discuss our solution today. I'd like to understand your current challenges and how we might help. Customer: We've been having issues with efficiency. Agent: I understand. Our Consulting solution is designed specifically to address those challenges by seamless integration. Customer: How much does it cost? Agent: That's a great question. [Detailed answer with specific information about the product/service] Customer: We need to prioritize other projects right now. Let's reconnect later. I have some concerns about the cost.,False,Returning
Agent: Thank you for taking the time to discuss our solution today. I'd like to understand your current challenges and how we might help. Customer: We've been having issues with costs. Agent: I understand. Our Services solution is designed specifically to address those challenges by seamless integration. Customer: Do you have case studies? Agent: That's a great question. [Detailed answer with specific information about the product/service] Customer: I'm not sure this is what we need right now. Let me think about it. I'm not convinced about the ROI.,False,Existing
Agent: Thank you for taking the time to discuss our solution today. I'd like to understand your current challenges and how we might help. Customer: We've been having issues with costs. Agent: I understand. Our Software solution is designed specifically to address those challenges by streamlining processes. Customer: Do you have case studies? Agent: That's a great question. [Detailed answer with specific information about the product/service] Customer: I can see how this would save us time and money. What's the implementation timeline? I can see the value proposition clearly.,True,Existing
Agent: Thank you for taking the time to discuss our solution today. I'd like to understand your current challenges and how we might help. Customer: We've been having issues with time management. Agent: I understand. Our Training solution is designed specifically to address those challenges by streamlining processes. Customer: What kind of support do you offer? Agent: That's a great question. [Detailed answer with specific information about the product/service] Customer: This solution addresses exactly what we've been looking for. When can we start? I can see the value proposition clearly.,True,New
Agent: Thank you for taking the time to discuss our solution today. I'd like to understand your current challenges and how we might help. Customer: We've been having issues with integration. Agent: I understand. Our Services solution is designed specifically to address those challenges by streamlining processes. Customer: How much does it cost? Agent: That's a great question. [Detailed answer with specific information about the product/service] Customer: We need to prioritize other projects right now. Let's reconnect later. We need to evaluate other options as well.,False,Returning
Agent: Thank you for taking the time to discuss our solution today. I'd like to understand your current challenges and how we might help. Customer: We've been having issues with integration. Agent: I understand. Our Consulting solution is designed specifically to address those challenges by improving quality. Customer: Do you have case studies? Agent: That's a great question. [Detailed answer with specific information about the product/service] Customer: I need to discuss this with my team before making any decisions. I have some concerns about the cost.,False,Existing
Agent: Thank you for taking the time to discuss our solution today. I'd like to understand your current challenges and how we might help. Customer: We've been having issues with efficiency. Agent: I understand. Our Software solution is designed specifically to address those challenges by reducing overhead. Customer: How much does it cost? Agent: That's a great question. [Detailed answer with specific information about the product/service] Customer: I have concerns about the learning curve for our team. We need to evaluate other options as well.,False,Returning
Agent: Thank you for taking the time to discuss our solution today. I'd like to understand your current challenges and how we might help. Customer: We've been having issues with costs. Agent: I understand. Our Consulting solution is designed specifically to address those challenges by saving time. Customer: What kind of support do you offer? Agent: That's a great question. [Detailed answer with specific information about the product/service] Customer: I'm not sure this is what we need right now. Let me think about it. The timeline doesn't work for us.,False,New
Agent: Thank you for taking the time to discuss our solution today. I'd like to understand your current challenges and how we might help. Customer: We've been having issues with time management. Agent: I understand. Our Services solution is designed specifically to address those challenges by seamless integration. Customer: How much does it cost? Agent: That's a great question. [Detailed answer with specific information about the product/service] Customer: I'm not sure this is what we need right now. Let me think about it. I'm not seeing how this fits our workflow.,False,Existing
Agent: Thank you for taking the time to discuss our solution today. I'd like to understand your current challenges and how we might help. Customer: We've been having issues with quality. Agent: I understand. Our Services solution is designed specifically to address those challenges by saving time. Customer: Do you have case studies? Agent: That's a great question. [Detailed answer with specific information about the product/service] Customer: This is exactly what our team needs. Let's schedule a demo for the rest of the department. Your pricing is within our budget.,True,New
Agent: Thank you for taking the time to discuss our solution today. I'd like to understand your current challenges and how we might help. Customer: We've been having issues with integration. Agent: I understand. Our Services solution is designed specifically to address those challenges by seamless integration. Customer: Do you have case studies? Agent: That's a great question. [Detailed answer with specific information about the product/service] Customer: I need to discuss this with my team before making any decisions. The timeline doesn't work for us.,False,Returning
Agent: Thank you for taking the time to discuss our solution today. I'd like to understand your current challenges and how we might help. Customer: We've been having issues with time management. Agent: I understand. Our Hardware solution is designed specifically to address those challenges by improving quality. Customer: How much does it cost? Agent: That's a great question. [Detailed answer with specific information about the product/service] Customer: I need to discuss this with my team before making any decisions. The timeline doesn't work for us.,False,Existing
Agent: Thank you for taking the time to discuss our solution today. I'd like to understand your current challenges and how we might help. Customer: We've been having issues with quality. Agent: I understand. Our Training solution is designed specifically to address those challenges by seamless integration. Customer: What kind of support do you offer? Agent: That's a great question. [Detailed answer with specific information about the product/service] Customer: This solution addresses exactly what we've been looking for. When can we start? This looks like a great solution for us.,True,Returning
Agent: Thank you for taking the time to discuss our solution today. I'd like to understand your current challenges and how we might help. Customer: We've been having issues with integration. Agent: I understand. Our Consulting solution is designed specifically to address those challenges by seamless integration. Customer: Do you have case studies? Agent: That's a great question. [Detailed answer with specific information about the product/service] Customer: The ROI on this looks promising. I'd like to get started as soon as possible. I can see the value proposition clearly.,True,Existing
Agent: Thank you for taking the time to discuss our solution today. I'd like to understand your current challenges and how we might help. Customer: We've been having issues with time management. Agent: I understand. Our Training solution is designed specifically to address those challenges by seamless integration. Customer: Do you have case studies? Agent: That's a great question. [Detailed answer with specific information about the product/service] Customer: Your product seems to solve our main pain points. I'd like to move forward. I'm excited about this opportunity.,True,Returning
"Agent: Thank you for taking the time to discuss our solution today. I'd like to understand your current challenges and how we might help. Customer: We've been having issues with efficiency. Agent: I understand. Our Hardware solution is designed specifically to address those challenges by improving quality. Customer: How is this better than competitors? Agent: That's a great question. [Detailed answer with specific information about the product/service] Customer: I appreciate the presentation, but I don't think it's a good fit for us. We need to evaluate other options as well.",False,Existing
Agent: Thank you for taking the time to discuss our solution today. I'd like to understand your current challenges and how we might help. Customer: We've been having issues with integration. Agent: I understand. Our Services solution is designed specifically to address those challenges by seamless integration. Customer: How much does it cost? Agent: That's a great question. [Detailed answer with specific information about the product/service] Customer: We're not ready to make a change at this time. Maybe next quarter. The timeline doesn't work for us.,False,New
Agent: Thank you for taking the time to discuss our solution today. I'd like to understand your current challenges and how we might help. Customer: We've been having issues with time management. Agent: I understand. Our Services solution is designed specifically to address those challenges by streamlining processes. Customer: How much does it cost? Agent: That's a great question. [Detailed answer with specific information about the product/service] Customer: The implementation seems too complex for our current resources. I have some concerns about the cost.,False,Existing
Agent: Thank you for taking the time to discuss our solution today. I'd like to understand your current challenges and how we might help. Customer: We've been having issues with time management. Agent: I understand. Our Hardware solution is designed specifically to address those challenges by reducing overhead. Customer: What kind of support do you offer? Agent: That's a great question. [Detailed answer with specific information about the product/service] Customer: I'm very interested in your product. Can you tell me more about pricing? This looks like a great solution for us.,True,Existing
Agent: Thank you for taking the time to discuss our solution today. I'd like to understand your current challenges and how we might help. Customer: We've been having issues with efficiency. Agent: I understand. Our Services solution is designed specifically to address those challenges by saving time. Customer: What kind of support do you offer? Agent: That's a great question. [Detailed answer with specific information about the product/service] Customer: Your product seems to solve our main pain points. I'd like to move forward. I'm excited about this opportunity.,True,New
Agent: Thank you for taking the time to discuss our solution today. I'd like to understand your current challenges and how we might help. Customer: We've been having issues with quality. Agent: I understand. Our Services solution is designed specifically to address those challenges by improving quality. Customer: Do you have case studies? Agent: That's a great question. [Detailed answer with specific information about the product/service] Customer: I'm very interested in your product. Can you tell me more about pricing? This looks like a great solution for us.,True,Existing
Agent: Thank you for taking the time to discuss our solution today. I'd like to understand your current challenges and how we might help. Customer: We've been having issues with costs. Agent: I understand. Our Software solution is designed specifically to address those challenges by saving time. Customer: What's the implementation time? Agent: That's a great question. [Detailed answer with specific information about the product/service] Customer: We're currently using a competitor's product and are satisfied with it. I have some concerns about the cost.,False,New
Agent: Thank you for taking the time to discuss our solution today. I'd like to understand your current challenges and how we might help. Customer: We've been having issues with costs. Agent: I understand. Our Hardware solution is designed specifically to address those challenges by seamless integration. Customer: Do you have case studies? Agent: That's a great question. [Detailed answer with specific information about the product/service] Customer: I need to discuss this with my team before making any decisions. I have some concerns about the cost.,False,New
Agent: Thank you for taking the time to discuss our solution today. I'd like to understand your current challenges and how we might help. Customer: We've been having issues with integration. Agent: I understand. Our Consulting solution is designed specifically to address those challenges by saving time. Customer: Do you have case studies? Agent: That's a great question. [Detailed answer with specific information about the product/service] Customer: We're currently using a competitor's product and are satisfied with it. I have some concerns about the cost.,False,Existing
Agent: Thank you for taking the time to discuss our solution today. I'd like to understand your current challenges and how we might help. Customer: We've been having issues with quality. Agent: I understand. Our Software solution is designed specifically to address those challenges by improving quality. Customer: How much does it cost? Agent: That's a great question. [Detailed answer with specific information about the product/service] Customer: We need to prioritize other projects right now. Let's reconnect later. I'm not convinced about the ROI.,False,New
Agent: Thank you for taking the time to discuss our solution today. I'd like to understand your current challenges and how we might help. Customer: We've been having issues with costs. Agent: I understand. Our Services solution is designed specifically to address those challenges by saving time. Customer: What kind of support do you offer? Agent: That's a great question. [Detailed answer with specific information about the product/service] Customer: We're not ready to make a change at this time. Maybe next quarter. I'm not seeing how this fits our workflow.,False,Existing
Agent: Thank you for taking the time to discuss our solution today. I'd like to understand your current challenges and how we might help. Customer: We've been having issues with quality. Agent: I understand. Our Training solution is designed specifically to address those challenges by improving quality. Customer: How much does it cost? Agent: That's a great question. [Detailed answer with specific information about the product/service] Customer: I see the value in what you're offering. Let's discuss implementation details. The features align well with our needs.,True,Returning
Agent: Thank you for taking the time to discuss our solution today. I'd like to understand your current challenges and how we might help. Customer: We've been having issues with quality. Agent: I understand. Our Training solution is designed specifically to address those challenges by seamless integration. Customer: What kind of support do you offer? Agent: That's a great question. [Detailed answer with specific information about the product/service] Customer: The price point is higher than we budgeted for. We'll need to reconsider. We need to evaluate other options as well.,False,Returning
Agent: Thank you for taking the time to discuss our solution today. I'd like to understand your current challenges and how we might help. Customer: We've been having issues with time management. Agent: I understand. Our Services solution is designed specifically to address those challenges by seamless integration. Customer: Do you have case studies? Agent: That's a great question. [Detailed answer with specific information about the product/service] Customer: This doesn't have all the features we're looking for. We'll keep looking. I'm not convinced about the ROI.,False,Existing
Agent: Thank you for taking the time to discuss our solution today. I'd like to understand your current challenges and how we might help. Customer: We've been having issues with costs. Agent: I understand. Our Software solution is designed specifically to address those challenges by saving time. Customer: Do you have case studies? Agent: That's a great question. [Detailed answer with specific information about the product/service] Customer: This solution addresses exactly what we've been looking for. When can we start? The features align well with our needs.,True,Existing
Agent: Thank you for taking the time to discuss our solution today. I'd like to understand your current challenges and how we might help. Customer: We've been having issues with integration. Agent: I understand. Our Consulting solution is designed specifically to address those challenges by seamless integration. Customer: Do you have case studies? Agent: That's a great question. [Detailed answer with specific information about the product/service] Customer: The ROI on this looks promising. I'd like to get started as soon as possible. I'm excited about this opportunity.,True,New
Agent: Thank you for taking the time to discuss our solution today. I'd like to understand your current challenges and how we might help. Customer: We've been having issues with integration. Agent: I understand. Our Training solution is designed specifically to address those challenges by seamless integration. Customer: What kind of support do you offer? Agent: That's a great question. [Detailed answer with specific information about the product/service] Customer: This is exactly what our team needs. Let's schedule a demo for the rest of the department. I'm excited about this opportunity.,True,New
Agent: Thank you for taking the time to discuss our solution today. I'd like to understand your current challenges and how we might help. Customer: We've been having issues with quality. Agent: I understand. Our Training solution is designed specifically to address those challenges by reducing overhead. Customer: How is this better than competitors? Agent: That's a great question. [Detailed answer with specific information about the product/service] Customer: We're currently using a competitor's product and are satisfied with it. I'm not seeing how this fits our workflow.,False,Existing
Agent: Thank you for taking the time to discuss our solution today. I'd like to understand your current challenges and how we might help. Customer: We've been having issues with efficiency. Agent: I understand. Our Services solution is designed specifically to address those challenges by saving time. Customer: How much does it cost? Agent: That's a great question. [Detailed answer with specific information about the product/service] Customer: I'm convinced this is the right choice for us. How soon can we deploy? I can see the value proposition clearly.,True,New
Agent: Thank you for taking the time to discuss our solution today. I'd like to understand your current challenges and how we might help. Customer: We've been having issues with quality. Agent: I understand. Our Training solution is designed specifically to address those challenges by streamlining processes. Customer: How much does it cost? Agent: That's a great question. [Detailed answer with specific information about the product/service] Customer: I need to discuss this with my team before making any decisions. I'm not seeing how this fits our workflow.,False,New
Agent: Thank you for taking the time to discuss our solution today. I'd like to understand your current challenges and how we might help. Customer: We've been having issues with costs. Agent: I understand. Our Training solution is designed specifically to address those challenges by reducing overhead. Customer: What's the implementation time? Agent: That's a great question. [Detailed answer with specific information about the product/service] Customer: Your solution addresses all our requirements. Let's talk about contract terms. I'm excited about this opportunity.,True,Returning
Agent: Thank you for taking the time to discuss our solution today. I'd like to understand your current challenges and how we might help. Customer: We've been having issues with costs. Agent: I understand. Our Hardware solution is designed specifically to address those challenges by seamless integration. Customer: What kind of support do you offer? Agent: That's a great question. [Detailed answer with specific information about the product/service] Customer: I'm convinced this is the right choice for us. How soon can we deploy? I can see the value proposition clearly.,True,New
Agent: Thank you for taking the time to discuss our solution today. I'd like to understand your current challenges and how we might help. Customer: We've been having issues with efficiency. Agent: I understand. Our Services solution is designed specifically to address those challenges by saving time. Customer: How much does it cost? Agent: That's a great question. [Detailed answer with specific information about the product/service] Customer: We're currently using a competitor's product and are satisfied with it. I'm not convinced about the ROI.,False,New
Agent: Thank you for taking the time to discuss our solution today. I'd like to understand your current challenges and how we might help. Customer: We've been having issues with integration. Agent: I understand. Our Training solution is designed specifically to address those challenges by improving quality. Customer: What's the implementation time? Agent: That's a great question. [Detailed answer with specific information about the product/service] Customer: We're currently using a competitor's product and are satisfied with it. I'm not convinced about the ROI.,False,New
Agent: Thank you for taking the time to discuss our solution today. I'd like to understand your current challenges and how we might help. Customer: We've been having issues with time management. Agent: I understand. Our Software solution is designed specifically to address those challenges by improving quality. Customer: How is this better than competitors? Agent: That's a great question. [Detailed answer with specific information about the product/service] Customer: We're not ready to make a change at this time. Maybe next quarter. I have some concerns about the cost.,False,Existing
Agent: Thank you for taking the time to discuss our solution today. I'd like to understand your current challenges and how we might help. Customer: We've been having issues with quality. Agent: I understand. Our Services solution is designed specifically to address those challenges by streamlining processes. Customer: Do you have case studies? Agent: That's a great question. [Detailed answer with specific information about the product/service] Customer: This is exactly what our team needs. Let's schedule a demo for the rest of the department. I can see the value proposition clearly.,True,Returning
Agent: Thank you for taking the time to discuss our solution today. I'd like to understand your current challenges and how we might help. Customer: We've been having issues with integration. Agent: I understand. Our Consulting solution is designed specifically to address those challenges by saving time. Customer: Do you have case studies? Agent: That's a great question. [Detailed answer with specific information about the product/service] Customer: I'm not sure this is what we need right now. Let me think about it. The timeline doesn't work for us.,False,New
Agent: Thank you for taking the time to discuss our solution today. I'd like to understand your current challenges and how we might help. Customer: We've been having issues with costs. Agent: I understand. Our Training solution is designed specifically to address those challenges by seamless integration. Customer: How is this better than competitors? Agent: That's a great question. [Detailed answer with specific information about the product/service] Customer: This is exactly what our team needs. Let's schedule a demo for the rest of the department. I'm excited about this opportunity.,True,Returning
Agent: Thank you for taking the time to discuss our solution today. I'd like to understand your current challenges and how we might help. Customer: We've been having issues with costs. Agent: I understand. Our Software solution is designed specifically to address those challenges by streamlining processes. Customer: Do you have case studies? Agent: That's a great question. [Detailed answer with specific information about the product/service] Customer: The price point is higher than we budgeted for. We'll need to reconsider. We need to evaluate other options as well.,False,New
Agent: Thank you for taking the time to discuss our solution today. I'd like to understand your current challenges and how we might help. Customer: We've been having issues with efficiency. Agent: I understand. Our Hardware solution is designed specifically to address those challenges by improving quality. Customer: What kind of support do you offer? Agent: That's a great question. [Detailed answer with specific information about the product/service] Customer: This solution addresses exactly what we've been looking for. When can we start? I can see the value proposition clearly.,True,Existing
Agent: Thank you for taking the time to discuss our solution today. I'd like to understand your current challenges and how we might help. Customer: We've been having issues with efficiency. Agent: I understand. Our Hardware solution is designed specifically to address those challenges by reducing overhead. Customer: What kind of support do you offer? Agent: That's a great question. [Detailed answer with specific information about the product/service] Customer: The implementation seems too complex for our current resources. I have some concerns about the cost.,False,Returning
Agent: Thank you for taking the time to discuss our solution today. I'd like to understand your current challenges and how we might help. Customer: We've been having issues with efficiency. Agent: I understand. Our Software solution is designed specifically to address those challenges by reducing overhead. Customer: Do you have case studies? Agent: That's a great question. [Detailed answer with specific information about the product/service] Customer: This is exactly what our team needs. Let's schedule a demo for the rest of the department. This looks like a great solution for us.,True,Returning
Agent: Thank you for taking the time to discuss our solution today. I'd like to understand your current challenges and how we might help. Customer: We've been having issues with quality. Agent: I understand. Our Services solution is designed specifically to address those challenges by seamless integration. Customer: What kind of support do you offer? Agent: That's a great question. [Detailed answer with specific information about the product/service] Customer: I have concerns about the learning curve for our team. I have some concerns about the cost.,False,Existing
Agent: Thank you for taking the time to discuss our solution today. I'd like to understand your current challenges and how we might help. Customer: We've been having issues with costs. Agent: I understand. Our Software solution is designed specifically to address those challenges by streamlining processes. Customer: How much does it cost? Agent: That's a great question. [Detailed answer with specific information about the product/service] Customer: We're currently using a competitor's product and are satisfied with it. I have some concerns about the cost.,False,Returning
Agent: Thank you for taking the time to discuss our solution today. I'd like to understand your current challenges and how we might help. Customer: We've been having issues with integration. Agent: I understand. Our Hardware solution is designed specifically to address those challenges by reducing overhead. Customer: Do you have case studies? Agent: That's a great question. [Detailed answer with specific information about the product/service] Customer: The ROI on this looks promising. I'd like to get started as soon as possible. I'm excited about this opportunity.,True,Returning
Agent: Thank you for taking the time to discuss our solution today. I'd like to understand your current challenges and how we might help. Customer: We've been having issues with costs. Agent: I understand. Our Hardware solution is designed specifically to address those challenges by reducing overhead. Customer: How much does it cost? Agent: That's a great question. [Detailed answer with specific information about the product/service] Customer: This doesn't have all the features we're looking for. We'll keep looking. I'm not convinced about the ROI.,False,Existing
Agent: Thank you for taking the time to discuss our solution today. I'd like to understand your current challenges and how we might help. Customer: We've been having issues with quality. Agent: I understand. Our Software solution is designed specifically to address those challenges by reducing overhead. Customer: What kind of support do you offer? Agent: That's a great question. [Detailed answer with specific information about the product/service] Customer: We're currently using a competitor's product and are satisfied with it. We need to evaluate other options as well.,False,Existing
Agent: Thank you for taking the time to discuss our solution today. I'd like to understand your current challenges and how we might help. Customer: We've been having issues with quality. Agent: I understand. Our Consulting solution is designed specifically to address those challenges by seamless integration. Customer: How is this better than competitors? Agent: That's a great question. [Detailed answer with specific information about the product/service] Customer: I see the value in what you're offering. Let's discuss implementation details. Your pricing is within our budget.,True,Existing
Agent: Thank you for taking the time to discuss our solution today. I'd like to understand your current challenges and how we might help. Customer: We've been having issues with time management. Agent: I understand. Our Hardware solution is designed specifically to address those challenges by saving time. Customer: Do you have case studies? Agent: That's a great question. [Detailed answer with specific information about the product/service] Customer: Your product seems to solve our main pain points. I'd like to move forward. Your pricing is within our budget.,True,Returning
Agent: Thank you for taking the time to discuss our solution today. I'd like to understand your current challenges and how we might help. Customer: We've been having issues with integration. Agent: I understand. Our Training solution is designed specifically to address those challenges by seamless integration. Customer: What's the implementation time? Agent: That's a great question. [Detailed answer with specific information about the product/service] Customer: This doesn't have all the features we're looking for. We'll keep looking. I have some concerns about the cost.,False,Returning
"Agent: Thank you for taking the time to discuss our solution today. I'd like to understand your current challenges and how we might help. Customer: We've been having issues with integration. Agent: I understand. Our Consulting solution is designed specifically to address those challenges by seamless integration. Customer: How is this better than competitors? Agent: That's a great question. [Detailed answer with specific information about the product/service] Customer: I appreciate the presentation, but I don't think it's a good fit for us. We need to evaluate other options as well.",False,Returning
Agent: Thank you for taking the time to discuss our solution today. I'd like to understand your current challenges and how we might help. Customer: We've been having issues with costs. Agent: I understand. Our Services solution is designed specifically to address those challenges by streamlining processes. Customer: How much does it cost? Agent: That's a great question. [Detailed answer with specific information about the product/service] Customer: The price point is higher than we budgeted for. We'll need to reconsider. We need to evaluate other options as well.,False,New
Agent: Thank you for taking the time to discuss our solution today. I'd like to understand your current challenges and how we might help. Customer: We've been having issues with efficiency. Agent: I understand. Our Training solution is designed specifically to address those challenges by reducing overhead. Customer: How much does it cost? Agent: That's a great question. [Detailed answer with specific information about the product/service] Customer: I see the value in what you're offering. Let's discuss implementation details. Your pricing is within our budget.,True,Returning
Agent: Thank you for taking the time to discuss our solution today. I'd like to understand your current challenges and how we might help. Customer: We've been having issues with costs. Agent: I understand. Our Training solution is designed specifically to address those challenges by reducing overhead. Customer: What kind of support do you offer? Agent: That's a great question. [Detailed answer with specific information about the product/service] Customer: We're currently using a competitor's product and are satisfied with it. I'm not seeing how this fits our workflow.,False,Existing
"Agent: Thank you for taking the time to discuss our solution today. I'd like to understand your current challenges and how we might help. Customer: We've been having issues with costs. Agent: I understand. Our Software solution is designed specifically to address those challenges by saving time. Customer: How is this better than competitors? Agent: That's a great question. [Detailed answer with specific information about the product/service] Customer: I appreciate the presentation, but I don't think it's a good fit for us. We need to evaluate other options as well.",False,Existing
Agent: Thank you for taking the time to discuss our solution today. I'd like to understand your current challenges and how we might help. Customer: We've been having issues with time management. Agent: I understand. Our Software solution is designed specifically to address those challenges by reducing overhead. Customer: How much does it cost? Agent: That's a great question. [Detailed answer with specific information about the product/service] Customer: The price point is higher than we budgeted for. We'll need to reconsider. I have some concerns about the cost.,False,Returning
Agent: Thank you for taking the time to discuss our solution today. I'd like to understand your current challenges and how we might help. Customer: We've been having issues with costs. Agent: I understand. Our Consulting solution is designed specifically to address those challenges by reducing overhead. Customer: How much does it cost? Agent: That's a great question. [Detailed answer with specific information about the product/service] Customer: I see the value in what you're offering. Let's discuss implementation details. Your pricing is within our budget.,True,New
Agent: Thank you for taking the time to discuss our solution today. I'd like to understand your current challenges and how we might help. Customer: We've been having issues with costs. Agent: I understand. Our Hardware solution is designed specifically to address those challenges by streamlining processes. Customer: How is this better than competitors? Agent: That's a great question. [Detailed answer with specific information about the product/service] Customer: Your product seems to solve our main pain points. I'd like to move forward. The features align well with our needs.,True,Returning
Agent: Thank you for taking the time to discuss our solution today. I'd like to understand your current challenges and how we might help. Customer: We've been having issues with integration. Agent: I understand. Our Training solution is designed specifically to address those challenges by reducing overhead. Customer: How much does it cost? Agent: That's a great question. [Detailed answer with specific information about the product/service] Customer: I need to discuss this with my team before making any decisions. I have some concerns about the cost.,False,Returning
Agent: Thank you for taking the time to discuss our solution today. I'd like to understand your current challenges and how we might help. Customer: We've been having issues with costs. Agent: I understand. Our Hardware solution is designed specifically to address those challenges by seamless integration. Customer: What kind of support do you offer? Agent: That's a great question. [Detailed answer with specific information about the product/service] Customer: I'm not sure this is what we need right now. Let me think about it. I'm not seeing how this fits our workflow.,False,New
Agent: Thank you for taking the time to discuss our solution today. I'd like to understand your current challenges and how we might help. Customer: We've been having issues with quality. Agent: I understand. Our Consulting solution is designed specifically to address those challenges by improving quality. Customer: What kind of support do you offer? Agent: That's a great question. [Detailed answer with specific information about the product/service] Customer: I'm impressed with the features. I think this would work well for our team. I can see the value proposition clearly.,True,Existing
Agent: Thank you for taking the time to discuss our solution today. I'd like to understand your current challenges and how we might help. Customer: We've been having issues with integration. Agent: I understand. Our Consulting solution is designed specifically to address those challenges by improving quality. Customer: What's the implementation time? Agent: That's a great question. [Detailed answer with specific information about the product/service] Customer: I need to discuss this with my team before making any decisions. The timeline doesn't work for us.,False,Existing
Agent: Thank you for taking the time to discuss our solution today. I'd like to understand your current challenges and how we might help. Customer: We've been having issues with costs. Agent: I understand. Our Consulting solution is designed specifically to address those challenges by saving time. Customer: What kind of support do you offer? Agent: That's a great question. [Detailed answer with specific information about the product/service] Customer: I need to discuss this with my team before making any decisions. I have some concerns about the cost.,False,Returning
Agent: Thank you for taking the time to discuss our solution today. I'd like to understand your current challenges and how we might help. Customer: We've been having issues with quality. Agent: I understand. Our Consulting solution is designed specifically to address those challenges by seamless integration. Customer: How much does it cost? Agent: That's a great question. [Detailed answer with specific information about the product/service] Customer: I'm impressed with the features. I think this would work well for our team. I can see the value proposition clearly.,True,Returning
Agent: Thank you for taking the time to discuss our solution today. I'd like to understand your current challenges and how we might help. Customer: We've been having issues with quality. Agent: I understand. Our Software solution is designed specifically to address those challenges by seamless integration. Customer: How is this better than competitors? Agent: That's a great question. [Detailed answer with specific information about the product/service] Customer: I have concerns about the learning curve for our team. The timeline doesn't work for us.,False,Returning
Agent: Thank you for taking the time to discuss our solution today. I'd like to understand your current challenges and how we might help. Customer: We've been having issues with time management. Agent: I understand. Our Consulting solution is designed specifically to address those challenges by reducing overhead. Customer: What kind of support do you offer? Agent: That's a great question. [Detailed answer with specific information about the product/service] Customer: I can see how this would save us time and money. What's the implementation timeline? I can see the value proposition clearly.,True,Returning
Agent: Thank you for taking the time to discuss our solution today. I'd like to understand your current challenges and how we might help. Customer: We've been having issues with efficiency. Agent: I understand. Our Hardware solution is designed specifically to address those challenges by reducing overhead. Customer: What kind of support do you offer? Agent: That's a great question. [Detailed answer with specific information about the product/service] Customer: I'm very interested in your product. Can you tell me more about pricing? Your pricing is within our budget.,True,Existing
Agent: Thank you for taking the time to discuss our solution today. I'd like to understand your current challenges and how we might help. Customer: We've been having issues with time management. Agent: I understand. Our Training solution is designed specifically to address those challenges by saving time. Customer: What's the implementation time? Agent: That's a great question. [Detailed answer with specific information about the product/service] Customer: I'm very interested in your product. Can you tell me more about pricing? I can see the value proposition clearly.,True,New
Agent: Thank you for taking the time to discuss our solution today. I'd like to understand your current challenges and how we might help. Customer: We've been having issues with time management. Agent: I understand. Our Services solution is designed specifically to address those challenges by improving quality. Customer: What kind of support do you offer? Agent: That's a great question. [Detailed answer with specific information about the product/service] Customer: I see the value in what you're offering. Let's discuss implementation details. I can see the value proposition clearly.,True,Returning
Agent: Thank you for taking the time to discuss our solution today. I'd like to understand your current challenges and how we might help. Customer: We've been having issues with quality. Agent: I understand. Our Training solution is designed specifically to address those challenges by streamlining processes. Customer: Do you have case studies? Agent: That's a great question. [Detailed answer with specific information about the product/service] Customer: This solution addresses exactly what we've been looking for. When can we start? The features align well with our needs.,True,Existing
Agent: Thank you for taking the time to discuss our solution today. I'd like to understand your current challenges and how we might help. Customer: We've been having issues with time management. Agent: I understand. Our Software solution is designed specifically to address those challenges by saving time. Customer: How much does it cost? Agent: That's a great question. [Detailed answer with specific information about the product/service] Customer: This is exactly what our team needs. Let's schedule a demo for the rest of the department. This looks like a great solution for us.,True,New
Agent: Thank you for taking the time to discuss our solution today. I'd like to understand your current challenges and how we might help. Customer: We've been having issues with quality. Agent: I understand. Our Training solution is designed specifically to address those challenges by improving quality. Customer: Do you have case studies? Agent: That's a great question. [Detailed answer with specific information about the product/service] Customer: This is exactly what our team needs. Let's schedule a demo for the rest of the department. The features align well with our needs.,True,Existing
Agent: Thank you for taking the time to discuss our solution today. I'd like to understand your current challenges and how we might help. Customer: We've been having issues with time management. Agent: I understand. Our Training solution is designed specifically to address those challenges by reducing overhead. Customer: What's the implementation time? Agent: That's a great question. [Detailed answer with specific information about the product/service] Customer: This is exactly what our team needs. Let's schedule a demo for the rest of the department. This looks like a great solution for us.,True,New
Agent: Thank you for taking the time to discuss our solution today. I'd like to understand your current challenges and how we might help. Customer: We've been having issues with time management. Agent: I understand. Our Hardware solution is designed specifically to address those challenges by saving time. Customer: What kind of support do you offer? Agent: That's a great question. [Detailed answer with specific information about the product/service] Customer: We need to prioritize other projects right now. Let's reconnect later. I'm not convinced about the ROI.,False,New
Agent: Thank you for taking the time to discuss our solution today. I'd like to understand your current challenges and how we might help. Customer: We've been having issues with quality. Agent: I understand. Our Software solution is designed specifically to address those challenges by saving time. Customer: How is this better than competitors? Agent: That's a great question. [Detailed answer with specific information about the product/service] Customer: This is exactly what our team needs. Let's schedule a demo for the rest of the department. Your pricing is within our budget.,True,New
Agent: Thank you for taking the time to discuss our solution today. I'd like to understand your current challenges and how we might help. Customer: We've been having issues with quality. Agent: I understand. Our Consulting solution is designed specifically to address those challenges by streamlining processes. Customer: What kind of support do you offer? Agent: That's a great question. [Detailed answer with specific information about the product/service] Customer: We need to prioritize other projects right now. Let's reconnect later. I have some concerns about the cost.,False,New
Agent: Thank you for taking the time to discuss our solution today. I'd like to understand your current challenges and how we might help. Customer: We've been having issues with quality. Agent: I understand. Our Hardware solution is designed specifically to address those challenges by saving time. Customer: What's the implementation time? Agent: That's a great question. [Detailed answer with specific information about the product/service] Customer: I see the value in what you're offering. Let's discuss implementation details. The features align well with our needs.,True,Existing
Agent: Thank you for taking the time to discuss our solution today. I'd like to understand your current challenges and how we might help. Customer: We've been having issues with integration. Agent: I understand. Our Training solution is designed specifically to address those challenges by seamless integration. Customer: How is this better than competitors? Agent: That's a great question. [Detailed answer with specific information about the product/service] Customer: We're currently using a competitor's product and are satisfied with it. The timeline doesn't work for us.,False,New
Agent: Thank you for taking the time to discuss our solution today. I'd like to understand your current challenges and how we might help. Customer: We've been having issues with efficiency. Agent: I understand. Our Consulting solution is designed specifically to address those challenges by improving quality. Customer: How much does it cost? Agent: That's a great question. [Detailed answer with specific information about the product/service] Customer: I'm very interested in your product. Can you tell me more about pricing? Your pricing is within our budget.,True,Existing
Agent: Thank you for taking the time to discuss our solution today. I'd like to understand your current challenges and how we might help. Customer: We've been having issues with costs. Agent: I understand. Our Consulting solution is designed specifically to address those challenges by seamless integration. Customer: How is this better than competitors? Agent: That's a great question. [Detailed answer with specific information about the product/service] Customer: This is exactly what our team needs. Let's schedule a demo for the rest of the department. I'm excited about this opportunity.,True,Returning
Agent: Thank you for taking the time to discuss our solution today. I'd like to understand your current challenges and how we might help. Customer: We've been having issues with costs. Agent: I understand. Our Hardware solution is designed specifically to address those challenges by seamless integration. Customer: What's the implementation time? Agent: That's a great question. [Detailed answer with specific information about the product/service] Customer: I need to discuss this with my team before making any decisions. The timeline doesn't work for us.,False,Returning
Agent: Thank you for taking the time to discuss our solution today. I'd like to understand your current challenges and how we might help. Customer: We've been having issues with efficiency. Agent: I understand. Our Hardware solution is designed specifically to address those challenges by saving time. Customer: What kind of support do you offer? Agent: That's a great question. [Detailed answer with specific information about the product/service] Customer: I'm not sure this is what we need right now. Let me think about it. The timeline doesn't work for us.,False,Returning
